,own,carpet,bottle,cable,capsule,grid,hazelnut,leather,metal_nut,pill,screw,tile,toothbrush,transistor,wood,zipper
backbone,RN18,RN18,RN18,RN18,RN18,RN18,RN18,RN18,RN18,RN18,RN18,RN18,RN18,RN18,RN18,RN18
pooling_strategy,default,default,default,default,default,default,default,default,default,default,default,default,default,default,default,default
layers_needed,[3],[3],[3],[3],[3],[3],[3],[3],[3],[3],[3],[3],[3],[3],[3],[3]
layer_cut,True,True,True,True,True,True,True,True,True,True,True,True,True,True,True,True
exclude_relu,False,False,False,False,False,False,False,False,False,False,False,False,False,False,False,False
sigmoid_in_last_layer,True,True,True,True,True,True,True,True,True,True,True,True,True,True,True,True
prune_output_layer,False #0,False #0,False #0,False #0,False #0,False #0,False #0,False #0,False #0,False #0,False #0,False #0,False #0,False #0,False #0,False #0
adapted_score_calc,False,False,False,False,False,False,False,False,False,False,False,False,False,False,False,False
n_neighbors,20,20,20,20,20,20,20,20,20,20,20,20,20,20,20,20
n_next_patches,5,5,5,5,5,5,5,5,5,5,5,5,5,5,5,5
coreset_sampling_ratio,0.01,0.01,0.01,0.01,0.01,0.01,0.01,0.01,0.01,0.01,0.01,0.01,0.01,0.01,0.01,0.01
reduce_via_std,False,False,False,False,False,False,False,False,False,False,False,False,False,False,False,False
reduce_via_entropy,True,True,True,True,True,True,True,True,True,True,True,True,True,True,True,True
reduce_via_entropy_normed,True,True,True,True,True,True,True,True,True,True,True,True,True,True,True,True
reduce_factor,25,25,25,25,25,25,25,25,25,25,25,25,25,25,25,25
coreset_size,"(885, 64)","(548, 64)","(409, 64)","(439, 64)","(429, 64)","(517, 64)","(766, 64)","(480, 64)","(431, 64)","(523, 64)","(627, 64)","(450, 64)","(117, 64)","(417, 64)","(484, 64)","(470, 64)"
normalize_output,False,False,False,False,False,False,False,False,False,False,False,False,False,False,False,False
faiss_standard,True,True,True,True,True,True,True,True,True,True,True,True,True,True,True,True
faiss_quantized,False,False,False,False,False,False,False,False,False,False,False,False,False,False,False,False
own_knn,False,False,False,False,False,False,False,False,False,False,False,False,False,False,False,False
backbone_storage_[MB],49.465648,49.465648,49.465648,49.465648,49.465648,49.465648,49.465648,49.465648,49.465648,49.465648,49.465648,49.465648,49.465648,49.465648,49.465648,49.465648
backbone_mult_adds_[M],1402.524032,1402.524032,1402.524032,1402.524032,1402.524032,1402.524032,1402.524032,1402.524032,1402.524032,1402.524032,1402.524032,1402.524032,1402.524032,1402.524032,1402.524032,1402.524032
feature_extraction_[ms],0.0,0.0,0.0,0.0,0.0,0.0,0.0,0.0,0.0,0.0,0.0,0.0,0.0,0.0,0.0,0.0
embedding_of_features_[ms],0.0,0.0,0.0,0.0,0.0,0.0,0.0,0.0,0.0,0.0,0.0,0.0,0.0,0.0,0.0,0.0
calc_distances_[ms],0.0,0.0,0.0,0.0,0.0,0.0,0.0,0.0,0.0,0.0,0.0,0.0,0.0,0.0,0.0,0.0
calc_scores_[ms],0.0,0.0,0.0,0.0,0.0,0.0,0.0,0.0,0.0,0.0,0.0,0.0,0.0,0.0,0.0,0.0
total_time_[ms],0.0,0.0,0.0,0.0,0.0,0.0,0.0,0.0,0.0,0.0,0.0,0.0,0.0,0.0,0.0,0.0
img_auc_[%],0.9229885057471264,0.9329855537720706,1.0,0.9643928035982009,0.8731551655364977,0.7025898078529657,0.9785714285714286,0.9983016304347826,0.979960899315738,0.8191489361702127,0.7567124410739905,0.9888167388167388,0.8027777777777778,0.9866666666666667,0.9824561403508771,0.9774159663865547
