,own,carpet,bottle,cable,capsule,grid,hazelnut,leather,metal_nut,pill,screw,tile,toothbrush,transistor,wood,zipper
backbone,RN18,RN18,RN18,RN18,RN18,RN18,RN18,RN18,RN18,RN18,RN18,RN18,RN18,RN18,RN18,RN18
pooling_strategy,first_trial,first_trial,first_trial,first_trial,first_trial,first_trial,first_trial,first_trial,first_trial,first_trial,first_trial,first_trial,first_trial,first_trial,first_trial,first_trial
layers_needed,"[1, 2]","[1, 2]","[1, 2]","[1, 2]","[1, 2]","[1, 2]","[1, 2]","[1, 2]","[1, 2]","[1, 2]","[1, 2]","[1, 2]","[1, 2]","[1, 2]","[1, 2]","[1, 2]"
layer_cut,True,True,True,True,True,True,True,True,True,True,True,True,True,True,True,True
exclude_relu,False,False,False,False,False,False,False,False,False,False,False,False,False,False,False,False
sigmoid_in_last_layer,True,True,True,True,True,True,True,True,True,True,True,True,True,True,True,True
prune_output_layer,False #0,False #0,False #0,False #0,False #0,False #0,False #0,False #0,False #0,False #0,False #0,False #0,False #0,False #0,False #0,False #0
adapted_score_calc,False,False,False,False,False,False,False,False,False,False,False,False,False,False,False,False
n_neighbors,20,20,20,20,20,20,20,20,20,20,20,20,20,20,20,20
n_next_patches,5,5,5,5,5,5,5,5,5,5,5,5,5,5,5,5
coreset_sampling_ratio,0.01,0.01,0.01,0.01,0.01,0.01,0.01,0.01,0.01,0.01,0.01,0.01,0.01,0.01,0.01,0.01
reduce_via_std,False,False,False,False,False,False,False,False,False,False,False,False,False,False,False,False
reduce_via_entropy,False,False,False,False,False,False,False,False,False,False,False,False,False,False,False,False
reduce_via_entropy_normed,True,True,True,True,True,True,True,True,True,True,True,True,True,True,True,True
reduce_factor,25,25,25,25,25,25,25,25,25,25,25,25,25,25,25,25
coreset_size,"(1017, 48)","(630, 48)","(470, 48)","(504, 48)","(492, 48)","(594, 48)","(879, 48)","(551, 48)","(495, 48)","(600, 48)","(720, 48)","(517, 48)","(135, 48)","(479, 48)","(555, 48)","(540, 48)"
normalize_output,False,False,False,False,False,False,False,False,False,False,False,False,False,False,False,False
faiss_standard,True,True,True,True,True,True,True,True,True,True,True,True,True,True,True,True
faiss_quantized,False,False,False,False,False,False,False,False,False,False,False,False,False,False,False,False
own_knn,False,False,False,False,False,False,False,False,False,False,False,False,False,False,False,False
backbone_storage_[MB],37.05272,37.05272,37.05272,37.05272,37.05272,37.05272,37.05272,37.05272,37.05272,37.05272,37.05272,37.05272,37.05272,37.05272,37.05272,37.05272
backbone_mult_adds_[M],991.47968,991.47968,991.47968,991.47968,991.47968,991.47968,991.47968,991.47968,991.47968,991.47968,991.47968,991.47968,991.47968,991.47968,991.47968,991.47968
feature_extraction_[ms],0.0,0.0,0.0,0.0,0.0,0.0,0.0,0.0,0.0,0.0,0.0,0.0,0.0,0.0,0.0,0.0
embedding_of_features_[ms],0.0,0.0,0.0,0.0,0.0,0.0,0.0,0.0,0.0,0.0,0.0,0.0,0.0,0.0,0.0,0.0
calc_distances_[ms],0.0,0.0,0.0,0.0,0.0,0.0,0.0,0.0,0.0,0.0,0.0,0.0,0.0,0.0,0.0,0.0
calc_scores_[ms],0.0,0.0,0.0,0.0,0.0,0.0,0.0,0.0,0.0,0.0,0.0,0.0,0.0,0.0,0.0,0.0
total_time_[ms],0.0,0.0,0.0,0.0,0.0,0.0,0.0,0.0,0.0,0.0,0.0,0.0,0.0,0.0,0.0,0.0
img_auc_[%],0.8279693486590038,0.848314606741573,0.9984126984126984,0.7655547226386806,0.8480255285201436,0.849624060150376,0.9360714285714286,0.9792798913043478,0.5034213098729228,0.9023458810692853,0.570608731297397,0.9956709956709957,0.8944444444444446,0.87625,0.9385964912280702,0.9871323529411764
