,own,carpet,bottle,cable,capsule,grid,hazelnut,leather,metal_nut,pill,screw,tile,toothbrush,transistor,wood,zipper
backbone,WRN50,WRN50,WRN50,WRN50,WRN50,WRN50,WRN50,WRN50,WRN50,WRN50,WRN50,WRN50,WRN50,WRN50,WRN50,WRN50
pooling_strategy,default,default,default,default,default,default,default,default,default,default,default,default,default,default,default,default
layers_needed,"[2, 3]","[2, 3]","[2, 3]","[2, 3]","[2, 3]","[2, 3]","[2, 3]","[2, 3]","[2, 3]","[2, 3]","[2, 3]","[2, 3]","[2, 3]","[2, 3]","[2, 3]","[2, 3]"
layer_cut,True,True,True,True,True,True,True,True,True,True,True,True,True,True,True,True
prune_output_layer,False #0,False #0,False #0,False #0,False #0,False #0,False #0,False #0,False #0,False #0,False #0,False #0,False #0,False #0,False #0,False #0
adapted_score_calc,True,True,True,True,True,True,True,True,True,True,True,True,True,True,True,True
n_neighbors,50,50,50,50,50,50,50,50,50,50,50,50,47,47,47,47
n_next_patches,20,20,20,20,20,20,20,20,20,20,20,20,20,20,20,20
coreset_sampling_ratio,0.001,0.001,0.001,0.001,0.001,0.001,0.001,0.001,0.001,0.001,0.001,0.001,0.001,0.001,0.001,0.001
reduce_via_std,False,False,False,False,False,False,False,False,False,False,False,False,False,False,False,False
reduce_via_entropy,False,False,False,False,False,False,False,False,False,False,False,False,False,False,False,False
reduce_via_entropy_normed,False,False,False,False,False,False,False,False,False,False,False,False,False,False,False,False
reduce_factor,50,50,50,50,50,50,50,50,50,50,50,50,50,50,50,50
coreset_size,"(354, 1536)","(219, 1536)","(163, 1536)","(175, 1536)","(171, 1536)","(206, 1536)","(306, 1536)","(192, 1536)","(172, 1536)","(209, 1536)","(250, 1536)","(180, 1536)","(47, 1536)","(166, 1536)","(193, 1536)","(188, 1536)"
normalize_output,False,False,False,False,False,False,False,False,False,False,False,False,False,False,False,False
faiss_standard,False,False,False,False,False,False,False,False,False,False,False,False,False,False,False,False
faiss_quantized,False,False,False,False,False,False,False,False,False,False,False,False,False,False,False,False
own_knn,True,True,True,True,True,True,True,True,True,True,True,True,True,True,True,True
backbone_storage_[MB],316.812592,316.812592,316.812592,316.812592,316.812592,316.812592,316.812592,316.812592,316.812592,316.812592,316.812592,316.812592,316.812592,316.812592,316.812592,316.812592
backbone_mult_adds_[M],9186.66304,9186.66304,9186.66304,9186.66304,9186.66304,9186.66304,9186.66304,9186.66304,9186.66304,9186.66304,9186.66304,9186.66304,9186.66304,9186.66304,9186.66304,9186.66304
feature_extraction_[ms],0.0,0.0,0.0,0.0,0.0,0.0,0.0,0.0,0.0,0.0,0.0,0.0,0.0,0.0,0.0,0.0
embedding_of_features_[ms],0.0,0.0,0.0,0.0,0.0,0.0,0.0,0.0,0.0,0.0,0.0,0.0,0.0,0.0,0.0,0.0
calc_distances_[ms],0.0,0.0,0.0,0.0,0.0,0.0,0.0,0.0,0.0,0.0,0.0,0.0,0.0,0.0,0.0,0.0
calc_scores_[ms],0.0,0.0,0.0,0.0,0.0,0.0,0.0,0.0,0.0,0.0,0.0,0.0,0.0,0.0,0.0,0.0
total_time_[ms],0.0,0.0,0.0,0.0,0.0,0.0,0.0,0.0,0.0,0.0,0.0,0.0,0.0,0.0,0.0,0.0
img_auc_[%],0.9080459770114943,0.9662921348314606,0.9055555555555556,0.8989880059970016,0.8244914240127642,0.8897243107769424,0.9503571428571429,1.0,0.6876832844574781,0.7018548827059465,0.49948759991801595,1.0,0.8361111111111111,0.8020833333333333,0.9894736842105263,0.7631302521008403
