,own,carpet,bottle,cable,capsule,grid,hazelnut,leather,metal_nut,pill,screw,tile,toothbrush,transistor,wood,zipper
backbone,WRN50,WRN50,WRN50,WRN50,WRN50,WRN50,WRN50,WRN50,WRN50,WRN50,WRN50,WRN50,WRN50,WRN50,WRN50,WRN50
pooling_strategy,default,default,default,default,default,default,default,default,default,default,default,default,default,default,default,default
layers_needed,"[2, 3]","[2, 3]","[2, 3]","[2, 3]","[2, 3]","[2, 3]","[2, 3]","[2, 3]","[2, 3]","[2, 3]","[2, 3]","[2, 3]","[2, 3]","[2, 3]","[2, 3]","[2, 3]"
layer_cut,True,True,True,True,True,True,True,True,True,True,True,True,True,True,True,True
prune_output_layer,False #0,False #0,False #0,False #0,False #0,False #0,False #0,False #0,False #0,False #0,False #0,False #0,False #0,False #0,False #0,False #0
adapted_score_calc,True,True,True,True,True,True,True,True,True,True,True,True,True,True,True,True
n_neighbors,2,2,2,2,2,2,2,2,2,2,2,2,2,2,2,2
n_next_patches,2,2,2,2,2,2,2,2,2,2,2,2,2,2,2,2
coreset_sampling_ratio,0.001,0.001,0.001,0.001,0.001,0.001,0.001,0.001,0.001,0.001,0.001,0.001,0.001,0.001,0.001,0.001
reduce_via_std,False,False,False,False,False,False,False,False,False,False,False,False,False,False,False,False
reduce_via_entropy,False,False,False,False,False,False,False,False,False,False,False,False,False,False,False,False
reduce_via_entropy_normed,False,False,False,False,False,False,False,False,False,False,False,False,False,False,False,False
reduce_factor,50,50,50,50,50,50,50,50,50,50,50,50,50,50,50,50
coreset_size,"(354, 1536)","(219, 1536)","(163, 1536)","(175, 1536)","(171, 1536)","(206, 1536)","(306, 1536)","(192, 1536)","(172, 1536)","(209, 1536)","(250, 1536)","(180, 1536)","(47, 1536)","(166, 1536)","(193, 1536)","(188, 1536)"
normalize_output,False,False,False,False,False,False,False,False,False,False,False,False,False,False,False,False
faiss_standard,False,False,False,False,False,False,False,False,False,False,False,False,False,False,False,False
faiss_quantized,False,False,False,False,False,False,False,False,False,False,False,False,False,False,False,False
own_knn,True,True,True,True,True,True,True,True,True,True,True,True,True,True,True,True
backbone_storage_[MB],316.812592,316.812592,316.812592,316.812592,316.812592,316.812592,316.812592,316.812592,316.812592,316.812592,316.812592,316.812592,316.812592,316.812592,316.812592,316.812592
backbone_mult_adds_[M],9186.66304,9186.66304,9186.66304,9186.66304,9186.66304,9186.66304,9186.66304,9186.66304,9186.66304,9186.66304,9186.66304,9186.66304,9186.66304,9186.66304,9186.66304,9186.66304
feature_extraction_[ms],0.0,0.0,0.0,0.0,0.0,0.0,0.0,0.0,0.0,0.0,0.0,0.0,0.0,0.0,0.0,0.0
embedding_of_features_[ms],0.0,0.0,0.0,0.0,0.0,0.0,0.0,0.0,0.0,0.0,0.0,0.0,0.0,0.0,0.0,0.0
calc_distances_[ms],0.0,0.0,0.0,0.0,0.0,0.0,0.0,0.0,0.0,0.0,0.0,0.0,0.0,0.0,0.0,0.0
calc_scores_[ms],0.0,0.0,0.0,0.0,0.0,0.0,0.0,0.0,0.0,0.0,0.0,0.0,0.0,0.0,0.0,0.0
total_time_[ms],0.0,0.0,0.0,0.0,0.0,0.0,0.0,0.0,0.0,0.0,0.0,0.0,0.0,0.0,0.0,0.0
img_auc_[%],0.6093869731800767,0.8318619582664526,0.8785714285714286,0.6326836581709144,0.5129637016354208,0.6299081035923141,0.8971428571428572,0.9578804347826086,0.6632453567937439,0.6472995090016366,0.5283869645419144,0.9440836940836941,0.7527777777777778,0.7308333333333333,0.8429824561403508,0.7899159663865546
