,own,carpet,bottle,cable,capsule,grid,hazelnut,leather,metal_nut,pill,screw,tile,toothbrush,transistor,wood,zipper
backbone,RN18,RN18,RN18,RN18,RN18,RN18,RN18,RN18,RN18,RN18,RN18,RN18,RN18,RN18,RN18,RN18
pooling_strategy,default,default,default,default,default,default,default,default,default,default,default,default,default,default,default,default
layers_needed,"[2, 3]","[2, 3]","[2, 3]","[2, 3]","[2, 3]","[2, 3]","[2, 3]","[2, 3]","[2, 3]","[2, 3]","[2, 3]","[2, 3]","[2, 3]","[2, 3]","[2, 3]","[2, 3]"
layer_cut,True,True,True,True,True,True,True,True,True,True,True,True,True,True,True,True
prune_output_layer,False #0,False #0,False #0,False #0,False #0,False #0,False #0,False #0,False #0,False #0,False #0,False #0,False #0,False #0,False #0,False #0
adapted_score_calc,True,True,True,True,True,True,True,True,True,True,True,True,True,True,True,True
n_neighbors,100,100,100,100,100,100,100,100,100,100,100,100,47,47,47,47
n_next_patches,5,5,5,5,5,5,5,5,5,5,5,5,5,5,5,5
coreset_sampling_ratio,0.001,0.001,0.001,0.001,0.001,0.001,0.001,0.001,0.001,0.001,0.001,0.001,0.001,0.001,0.001,0.001
reduce_via_std,False,False,False,False,False,False,False,False,False,False,False,False,False,False,False,False
reduce_via_entropy,False,False,False,False,False,False,False,False,False,False,False,False,False,False,False,False
reduce_via_entropy_normed,False,False,False,False,False,False,False,False,False,False,False,False,False,False,False,False
reduce_factor,50,50,50,50,50,50,50,50,50,50,50,50,50,50,50,50
coreset_size,"(354, 384)","(219, 384)","(163, 384)","(175, 384)","(171, 384)","(206, 384)","(306, 384)","(192, 384)","(172, 384)","(209, 384)","(250, 384)","(180, 384)","(47, 384)","(166, 384)","(193, 384)","(188, 384)"
normalize_output,False,False,False,False,False,False,False,False,False,False,False,False,False,False,False,False
faiss_standard,False,False,False,False,False,False,False,False,False,False,False,False,False,False,False,False
faiss_quantized,False,False,False,False,False,False,False,False,False,False,False,False,False,False,False,False
own_knn,True,True,True,True,True,True,True,True,True,True,True,True,True,True,True,True
backbone_storage_[MB],49.465648,49.465648,49.465648,49.465648,49.465648,49.465648,49.465648,49.465648,49.465648,49.465648,49.465648,49.465648,49.465648,49.465648,49.465648,49.465648
backbone_mult_adds_[M],1402.524032,1402.524032,1402.524032,1402.524032,1402.524032,1402.524032,1402.524032,1402.524032,1402.524032,1402.524032,1402.524032,1402.524032,1402.524032,1402.524032,1402.524032,1402.524032
feature_extraction_[ms],0.0,0.0,0.0,0.0,0.0,0.0,0.0,0.0,0.0,0.0,0.0,0.0,0.0,0.0,0.0,0.0
embedding_of_features_[ms],0.0,0.0,0.0,0.0,0.0,0.0,0.0,0.0,0.0,0.0,0.0,0.0,0.0,0.0,0.0,0.0
calc_distances_[ms],0.0,0.0,0.0,0.0,0.0,0.0,0.0,0.0,0.0,0.0,0.0,0.0,0.0,0.0,0.0,0.0
calc_scores_[ms],0.0,0.0,0.0,0.0,0.0,0.0,0.0,0.0,0.0,0.0,0.0,0.0,0.0,0.0,0.0,0.0
total_time_[ms],0.0,0.0,0.0,0.0,0.0,0.0,0.0,0.0,0.0,0.0,0.0,0.0,0.0,0.0,0.0,0.0
img_auc_[%],0.9014367816091954,0.9486356340288923,0.7555555555555555,0.7267616191904048,0.4950139609094535,0.7811194653299915,0.5382142857142858,0.9983016304347826,0.45014662756598245,0.5158210583742499,0.5031768805083009,0.9967532467532467,0.4861111111111111,0.7404166666666667,0.9903508771929825,0.8125
