,own,carpet,bottle,cable,capsule,grid,hazelnut
backbone,WRN50,WRN50,WRN50,WRN50,WRN50,WRN50,WRN50
pooling_strategy,first_trial,first_trial,first_trial,first_trial,first_trial,first_trial,first_trial
layers_needed,"[2, 4]","[2, 4]","[2, 4]","[2, 4]","[2, 4]","[2, 4]","[2, 4]"
layer_cut,True,True,True,True,True,True,True
exclude_relu,False,False,False,False,False,False,False
sigmoid_in_last_layer,True,True,True,True,True,True,True
prune_output_layer,False #0,False #0,False #0,False #0,False #0,False #0,False #0
adapted_score_calc,False,False,False,False,False,False,False
n_neighbors,20,20,20,20,20,20,20
n_next_patches,5,5,5,5,5,5,5
coreset_sampling_ratio,0.01,0.01,0.01,0.01,0.01,0.01,0.01
reduce_via_std,False,False,False,False,False,False,False
reduce_via_entropy,False,False,False,False,False,False,False
reduce_via_entropy_normed,True,True,True,True,True,True,True
reduce_factor,50,50,50,50,50,50,50
coreset_size,"(1017, 1280)","(630, 1280)","(470, 1280)","(504, 1280)","(492, 1280)","(594, 1280)","(879, 1280)"
normalize_output,False,False,False,False,False,False,False
faiss_standard,True,True,True,True,True,True,True
faiss_quantized,False,False,False,False,False,False,False
own_knn,False,False,False,False,False,False,False
backbone_storage_[MB],498.347312,498.347312,498.347312,498.347312,498.347312,498.347312,498.347312
backbone_mult_adds_[M],11396.041344,11396.041344,11396.041344,11396.041344,11396.041344,11396.041344,11396.041344
feature_extraction_[ms],0.0,0.0,0.0,0.0,0.0,0.0,0.0
embedding_of_features_[ms],0.0,0.0,0.0,0.0,0.0,0.0,0.0
calc_distances_[ms],0.0,0.0,0.0,0.0,0.0,0.0,0.0
calc_scores_[ms],0.0,0.0,0.0,0.0,0.0,0.0,0.0
total_time_[ms],0.0,0.0,0.0,0.0,0.0,0.0,0.0
img_auc_[%],0.49176245210727965,0.6629213483146068,0.7039682539682539,0.4609257871064468,0.48504188272836063,0.5747702589807853,0.5882142857142857
