,own,carpet,bottle,cable,capsule,grid,hazelnut,leather,metal_nut,pill,screw,tile,toothbrush,transistor,wood,zipper
backbone,WRN50,WRN50,WRN50,WRN50,WRN50,WRN50,WRN50,WRN50,WRN50,WRN50,WRN50,WRN50,WRN50,WRN50,WRN50,WRN50
pooling_strategy,default,default,default,default,default,default,default,default,default,default,default,default,default,default,default,default
layers_needed,"[2, 3]","[2, 3]","[2, 3]","[2, 3]","[2, 3]","[2, 3]","[2, 3]","[2, 3]","[2, 3]","[2, 3]","[2, 3]","[2, 3]","[2, 3]","[2, 3]","[2, 3]","[2, 3]"
layer_cut,True,True,True,True,True,True,True,True,True,True,True,True,True,True,True,True
prune_output_layer,False #0,False #0,False #0,False #0,False #0,False #0,False #0,False #0,False #0,False #0,False #0,False #0,False #0,False #0,False #0,False #0
adapted_score_calc,True,True,True,True,True,True,True,True,True,True,True,True,True,True,True,True
n_neighbors,50,50,50,50,50,50,50,50,50,50,50,50,47,47,47,47
n_next_patches,50,50,50,50,50,50,50,50,50,50,50,50,50,50,50,50
coreset_sampling_ratio,0.001,0.001,0.001,0.001,0.001,0.001,0.001,0.001,0.001,0.001,0.001,0.001,0.001,0.001,0.001,0.001
reduce_via_std,False,False,False,False,False,False,False,False,False,False,False,False,False,False,False,False
reduce_via_entropy,False,False,False,False,False,False,False,False,False,False,False,False,False,False,False,False
reduce_via_entropy_normed,False,False,False,False,False,False,False,False,False,False,False,False,False,False,False,False
reduce_factor,50,50,50,50,50,50,50,50,50,50,50,50,50,50,50,50
coreset_size,"(354, 1536)","(219, 1536)","(163, 1536)","(175, 1536)","(171, 1536)","(206, 1536)","(306, 1536)","(192, 1536)","(172, 1536)","(209, 1536)","(250, 1536)","(180, 1536)","(47, 1536)","(166, 1536)","(193, 1536)","(188, 1536)"
normalize_output,False,False,False,False,False,False,False,False,False,False,False,False,False,False,False,False
faiss_standard,False,False,False,False,False,False,False,False,False,False,False,False,False,False,False,False
faiss_quantized,False,False,False,False,False,False,False,False,False,False,False,False,False,False,False,False
own_knn,True,True,True,True,True,True,True,True,True,True,True,True,True,True,True,True
backbone_storage_[MB],316.812592,316.812592,316.812592,316.812592,316.812592,316.812592,316.812592,316.812592,316.812592,316.812592,316.812592,316.812592,316.812592,316.812592,316.812592,316.812592
backbone_mult_adds_[M],9186.66304,9186.66304,9186.66304,9186.66304,9186.66304,9186.66304,9186.66304,9186.66304,9186.66304,9186.66304,9186.66304,9186.66304,9186.66304,9186.66304,9186.66304,9186.66304
feature_extraction_[ms],0.0,0.0,0.0,0.0,0.0,0.0,0.0,0.0,0.0,0.0,0.0,0.0,0.0,0.0,0.0,0.0
embedding_of_features_[ms],0.0,0.0,0.0,0.0,0.0,0.0,0.0,0.0,0.0,0.0,0.0,0.0,0.0,0.0,0.0,0.0
calc_distances_[ms],0.0,0.0,0.0,0.0,0.0,0.0,0.0,0.0,0.0,0.0,0.0,0.0,0.0,0.0,0.0,0.0
calc_scores_[ms],0.0,0.0,0.0,0.0,0.0,0.0,0.0,0.0,0.0,0.0,0.0,0.0,0.0,0.0,0.0,0.0
total_time_[ms],0.0,0.0,0.0,0.0,0.0,0.0,0.0,0.0,0.0,0.0,0.0,0.0,0.0,0.0,0.0,0.0
img_auc_[%],0.8989463601532567,0.9650882825040127,0.98015873015873,0.9046101949025488,0.8635819704826486,0.8504594820384294,0.9750000000000001,1.0,0.6911045943304008,0.7787779596290235,0.47776183644189385,1.0,0.7222222222222222,0.85625,0.9921052631578947,0.8159138655462185
