,own,carpet,bottle,cable,capsule,grid,hazelnut,leather,metal_nut,pill,screw,tile,toothbrush,transistor,wood,zipper
backbone,RN18,RN18,RN18,RN18,RN18,RN18,RN18,RN18,RN18,RN18,RN18,RN18,RN18,RN18,RN18,RN18
pooling_strategy,default,default,default,default,default,default,default,default,default,default,default,default,default,default,default,default
layers_needed,"[2, 3]","[2, 3]","[2, 3]","[2, 3]","[2, 3]","[2, 3]","[2, 3]","[2, 3]","[2, 3]","[2, 3]","[2, 3]","[2, 3]","[2, 3]","[2, 3]","[2, 3]","[2, 3]"
layer_cut,True,True,True,True,True,True,True,True,True,True,True,True,True,True,True,True
exclude_relu,False,False,False,False,False,False,False,False,False,False,False,False,False,False,False,False
sigmoid_in_last_layer,True,True,True,True,True,True,True,True,True,True,True,True,True,True,True,True
prune_output_layer,False #0,False #0,False #0,False #0,False #0,False #0,False #0,False #0,False #0,False #0,False #0,False #0,False #0,False #0,False #0,False #0
adapted_score_calc,False,False,False,False,False,False,False,False,False,False,False,False,False,False,False,False
n_neighbors,9,9,9,9,9,9,9,9,9,9,9,9,9,9,9,9
n_next_patches,5,5,5,5,5,5,5,5,5,5,5,5,5,5,5,5
coreset_sampling_ratio,0.01,0.01,0.01,0.01,0.01,0.01,0.01,0.01,0.01,0.01,0.01,0.01,0.01,0.01,0.01,0.01
reduce_via_std,True,True,True,True,True,True,True,True,True,True,True,True,True,True,True,True
reduce_via_entropy,True,True,True,True,True,True,True,True,True,True,True,True,True,True,True,True
reduce_via_entropy_normed,False,False,False,False,False,False,False,False,False,False,False,False,False,False,False,False
reduce_factor,100,100,100,100,100,100,100,100,100,100,100,100,100,100,100,100
coreset_size,"(3543, 382)","(2195, 378)","(1638, 382)","(1756, 382)","(1716, 382)","(2069, 382)","(3065, 382)","(1920, 380)","(1724, 382)","(2093, 382)","(2508, 382)","(1803, 382)","(470, 382)","(1669, 382)","(1936, 382)","(1881, 382)"
normalize_output,False,False,False,False,False,False,False,False,False,False,False,False,False,False,False,False
faiss_standard,True,True,True,True,True,True,True,True,True,True,True,True,True,True,True,True
faiss_quantized,False,False,False,False,False,False,False,False,False,False,False,False,False,False,False,False
own_knn,False,False,False,False,False,False,False,False,False,False,False,False,False,False,False,False
backbone_storage_[MB],49.465648,49.465648,49.465648,49.465648,49.465648,49.465648,49.465648,49.465648,49.465648,49.465648,49.465648,49.465648,49.465648,49.465648,49.465648,49.465648
backbone_mult_adds_[M],1402.524032,1402.524032,1402.524032,1402.524032,1402.524032,1402.524032,1402.524032,1402.524032,1402.524032,1402.524032,1402.524032,1402.524032,1402.524032,1402.524032,1402.524032,1402.524032
feature_extraction_[ms],0.0,0.0,0.0,0.0,0.0,0.0,0.0,0.0,0.0,0.0,0.0,0.0,0.0,0.0,0.0,0.0
embedding_of_features_[ms],0.0,0.0,0.0,0.0,0.0,0.0,0.0,0.0,0.0,0.0,0.0,0.0,0.0,0.0,0.0,0.0
calc_distances_[ms],0.0,0.0,0.0,0.0,0.0,0.0,0.0,0.0,0.0,0.0,0.0,0.0,0.0,0.0,0.0,0.0
calc_scores_[ms],0.0,0.0,0.0,0.0,0.0,0.0,0.0,0.0,0.0,0.0,0.0,0.0,0.0,0.0,0.0,0.0
total_time_[ms],0.0,0.0,0.0,0.0,0.0,0.0,0.0,0.0,0.0,0.0,0.0,0.0,0.0,0.0,0.0,0.0
img_auc_[%],0.7060344827586207,0.5967094703049759,0.4777777777777778,0.4949400299850075,0.28161148783406464,0.5513784461152882,0.6303571428571428,0.5927309782608696,0.3279569892473118,0.7888707037643208,0.5583111293297807,0.5945165945165944,0.7277777777777777,0.4979166666666666,0.987719298245614,0.22872899159663865
