,own,carpet,bottle,cable,capsule,grid,hazelnut,leather,metal_nut,pill,screw,tile,toothbrush,transistor,wood,zipper
backbone,WRN50,WRN50,WRN50,WRN50,WRN50,WRN50,WRN50,WRN50,WRN50,WRN50,WRN50,WRN50,WRN50,WRN50,WRN50,WRN50
pooling_strategy,first_trial,first_trial,first_trial,first_trial,first_trial,first_trial,first_trial,first_trial,first_trial,first_trial,first_trial,first_trial,first_trial,first_trial,first_trial,first_trial
layers_needed,"[2, 3, 4]","[2, 3, 4]","[2, 3, 4]","[2, 3, 4]","[2, 3, 4]","[2, 3, 4]","[2, 3, 4]","[2, 3, 4]","[2, 3, 4]","[2, 3, 4]","[2, 3, 4]","[2, 3, 4]","[2, 3, 4]","[2, 3, 4]","[2, 3, 4]","[2, 3, 4]"
layer_cut,True,True,True,True,True,True,True,True,True,True,True,True,True,True,True,True
exclude_relu,False,False,False,False,False,False,False,False,False,False,False,False,False,False,False,False
sigmoid_in_last_layer,True,True,True,True,True,True,True,True,True,True,True,True,True,True,True,True
prune_output_layer,False #0,False #0,False #0,False #0,False #0,False #0,False #0,False #0,False #0,False #0,False #0,False #0,False #0,False #0,False #0,False #0
adapted_score_calc,False,False,False,False,False,False,False,False,False,False,False,False,False,False,False,False
n_neighbors,20,20,20,20,20,20,20,20,20,20,20,20,20,20,20,20
n_next_patches,5,5,5,5,5,5,5,5,5,5,5,5,5,5,5,5
coreset_sampling_ratio,0.01,0.01,0.01,0.01,0.01,0.01,0.01,0.01,0.01,0.01,0.01,0.01,0.01,0.01,0.01,0.01
reduce_via_std,True,True,True,True,True,True,True,True,True,True,True,True,True,True,True,True
reduce_via_entropy,False,False,False,False,False,False,False,False,False,False,False,False,False,False,False,False
reduce_via_entropy_normed,False,False,False,False,False,False,False,False,False,False,False,False,False,False,False,False
reduce_factor,50,50,50,50,50,50,50,50,50,50,50,50,50,50,50,50
coreset_size,"(1017, 1792)","(630, 1792)","(470, 1792)","(504, 1792)","(492, 1792)","(594, 1792)","(879, 1792)","(551, 1792)","(495, 1792)","(600, 1792)","(720, 1792)","(517, 1792)","(135, 1792)","(479, 1792)","(555, 1792)","(540, 1792)"
normalize_output,False,False,False,False,False,False,False,False,False,False,False,False,False,False,False,False
faiss_standard,True,True,True,True,True,True,True,True,True,True,True,True,True,True,True,True
faiss_quantized,False,False,False,False,False,False,False,False,False,False,False,False,False,False,False,False
own_knn,False,False,False,False,False,False,False,False,False,False,False,False,False,False,False,False
backbone_storage_[MB],498.347312,498.347312,498.347312,498.347312,498.347312,498.347312,498.347312,498.347312,498.347312,498.347312,498.347312,498.347312,498.347312,498.347312,498.347312,498.347312
backbone_mult_adds_[M],11396.041344,11396.041344,11396.041344,11396.041344,11396.041344,11396.041344,11396.041344,11396.041344,11396.041344,11396.041344,11396.041344,11396.041344,11396.041344,11396.041344,11396.041344,11396.041344
feature_extraction_[ms],0.0,0.0,0.0,0.0,0.0,0.0,0.0,0.0,0.0,0.0,0.0,0.0,0.0,0.0,0.0,0.0
embedding_of_features_[ms],0.0,0.0,0.0,0.0,0.0,0.0,0.0,0.0,0.0,0.0,0.0,0.0,0.0,0.0,0.0,0.0
calc_distances_[ms],0.0,0.0,0.0,0.0,0.0,0.0,0.0,0.0,0.0,0.0,0.0,0.0,0.0,0.0,0.0,0.0
calc_scores_[ms],0.0,0.0,0.0,0.0,0.0,0.0,0.0,0.0,0.0,0.0,0.0,0.0,0.0,0.0,0.0,0.0
total_time_[ms],0.0,0.0,0.0,0.0,0.0,0.0,0.0,0.0,0.0,0.0,0.0,0.0,0.0,0.0,0.0,0.0
img_auc_[%],0.5430076628352491,0.9626805778491172,1.0,0.8137181409295353,0.7323494216194656,0.913951545530493,0.8435714285714286,0.9796195652173914,0.8626588465298143,0.75177304964539,0.5595408895265424,0.9989177489177489,0.4805555555555556,0.67625,0.9815789473684211,0.8508403361344538
