,own,carpet,bottle,cable,capsule,grid,hazelnut,leather,metal_nut,pill,screw,tile,toothbrush,transistor,wood,zipper
backbone,WRN50,WRN50,WRN50,WRN50,WRN50,WRN50,WRN50,WRN50,WRN50,WRN50,WRN50,WRN50,WRN50,WRN50,WRN50,WRN50
pooling_strategy,first_trial,first_trial,first_trial,first_trial,first_trial,first_trial,first_trial,first_trial,first_trial,first_trial,first_trial,first_trial,first_trial,first_trial,first_trial,first_trial
layers_needed,[1],[1],[1],[1],[1],[1],[1],[1],[1],[1],[1],[1],[1],[1],[1],[1]
layer_cut,True,True,True,True,True,True,True,True,True,True,True,True,True,True,True,True
exclude_relu,False,False,False,False,False,False,False,False,False,False,False,False,False,False,False,False
sigmoid_in_last_layer,True,True,True,True,True,True,True,True,True,True,True,True,True,True,True,True
prune_output_layer,False #0,False #0,False #0,False #0,False #0,False #0,False #0,False #0,False #0,False #0,False #0,False #0,False #0,False #0,False #0,False #0
adapted_score_calc,False,False,False,False,False,False,False,False,False,False,False,False,False,False,False,False
n_neighbors,20,20,20,20,20,20,20,20,20,20,20,20,20,20,20,20
n_next_patches,5,5,5,5,5,5,5,5,5,5,5,5,5,5,5,5
coreset_sampling_ratio,0.01,0.01,0.01,0.01,0.01,0.01,0.01,0.01,0.01,0.01,0.01,0.01,0.01,0.01,0.01,0.01
reduce_via_std,False,False,False,False,False,False,False,False,False,False,False,False,False,False,False,False
reduce_via_entropy,True,True,True,True,True,True,True,True,True,True,True,True,True,True,True,True
reduce_via_entropy_normed,True,True,True,True,True,True,True,True,True,True,True,True,True,True,True,True
reduce_factor,50,50,50,50,50,50,50,50,50,50,50,50,50,50,50,50
coreset_size,"(1017, 128)","(630, 128)","(470, 128)","(504, 128)","(492, 128)","(594, 128)","(879, 128)","(551, 128)","(495, 128)","(600, 128)","(720, 128)","(517, 128)","(135, 128)","(479, 128)","(555, 128)","(540, 128)"
normalize_output,False,False,False,False,False,False,False,False,False,False,False,False,False,False,False,False
faiss_standard,True,True,True,True,True,True,True,True,True,True,True,True,True,True,True,True
faiss_quantized,False,False,False,False,False,False,False,False,False,False,False,False,False,False,False,False
own_knn,False,False,False,False,False,False,False,False,False,False,False,False,False,False,False,False
backbone_storage_[MB],105.938224,105.938224,105.938224,105.938224,105.938224,105.938224,105.938224,105.938224,105.938224,105.938224,105.938224,105.938224,105.938224,105.938224,105.938224,105.938224
backbone_mult_adds_[M],2096.156288,2096.156288,2096.156288,2096.156288,2096.156288,2096.156288,2096.156288,2096.156288,2096.156288,2096.156288,2096.156288,2096.156288,2096.156288,2096.156288,2096.156288,2096.156288
feature_extraction_[ms],0.0,0.0,0.0,0.0,0.0,0.0,0.0,0.0,0.0,0.0,0.0,0.0,0.0,0.0,0.0,0.0
embedding_of_features_[ms],0.0,0.0,0.0,0.0,0.0,0.0,0.0,0.0,0.0,0.0,0.0,0.0,0.0,0.0,0.0,0.0
calc_distances_[ms],0.0,0.0,0.0,0.0,0.0,0.0,0.0,0.0,0.0,0.0,0.0,0.0,0.0,0.0,0.0,0.0
calc_scores_[ms],0.0,0.0,0.0,0.0,0.0,0.0,0.0,0.0,0.0,0.0,0.0,0.0,0.0,0.0,0.0,0.0
total_time_[ms],0.0,0.0,0.0,0.0,0.0,0.0,0.0,0.0,0.0,0.0,0.0,0.0,0.0,0.0,0.0,0.0
img_auc_[%],0.7905172413793103,0.7528089887640449,1.0,0.8399550224887555,0.8524132429198247,0.8253968253968254,0.5364285714285715,0.8936820652173912,0.8680351906158358,0.8529732678668849,0.6935847509735602,1.0,0.7194444444444444,0.8725,0.956140350877193,0.946953781512605
