,own,carpet,bottle,cable,capsule,grid,hazelnut,leather,metal_nut,pill,screw,tile,toothbrush,transistor,wood,zipper
backbone,WRN50,WRN50,WRN50,WRN50,WRN50,WRN50,WRN50,WRN50,WRN50,WRN50,WRN50,WRN50,WRN50,WRN50,WRN50,WRN50
pooling_strategy,first_trial,first_trial,first_trial,first_trial,first_trial,first_trial,first_trial,first_trial,first_trial,first_trial,first_trial,first_trial,first_trial,first_trial,first_trial,first_trial
layers_needed,"[2, 4]","[2, 4]","[2, 4]","[2, 4]","[2, 4]","[2, 4]","[2, 4]","[2, 4]","[2, 4]","[2, 4]","[2, 4]","[2, 4]","[2, 4]","[2, 4]","[2, 4]","[2, 4]"
layer_cut,True,True,True,True,True,True,True,True,True,True,True,True,True,True,True,True
exclude_relu,False,False,False,False,False,False,False,False,False,False,False,False,False,False,False,False
sigmoid_in_last_layer,True,True,True,True,True,True,True,True,True,True,True,True,True,True,True,True
prune_output_layer,False #0,False #0,False #0,False #0,False #0,False #0,False #0,False #0,False #0,False #0,False #0,False #0,False #0,False #0,False #0,False #0
adapted_score_calc,False,False,False,False,False,False,False,False,False,False,False,False,False,False,False,False
n_neighbors,20,20,20,20,20,20,20,20,20,20,20,20,20,20,20,20
n_next_patches,5,5,5,5,5,5,5,5,5,5,5,5,5,5,5,5
coreset_sampling_ratio,0.01,0.01,0.01,0.01,0.01,0.01,0.01,0.01,0.01,0.01,0.01,0.01,0.01,0.01,0.01,0.01
reduce_via_std,False,False,False,False,False,False,False,False,False,False,False,False,False,False,False,False
reduce_via_entropy,True,True,True,True,True,True,True,True,True,True,True,True,True,True,True,True
reduce_via_entropy_normed,True,True,True,True,True,True,True,True,True,True,True,True,True,True,True,True
reduce_factor,25,25,25,25,25,25,25,25,25,25,25,25,25,25,25,25
coreset_size,"(1017, 640)","(630, 640)","(470, 640)","(504, 640)","(492, 640)","(594, 640)","(879, 640)","(551, 640)","(495, 640)","(600, 640)","(720, 640)","(517, 640)","(135, 640)","(479, 640)","(555, 640)","(540, 640)"
normalize_output,False,False,False,False,False,False,False,False,False,False,False,False,False,False,False,False
faiss_standard,True,True,True,True,True,True,True,True,True,True,True,True,True,True,True,True
faiss_quantized,False,False,False,False,False,False,False,False,False,False,False,False,False,False,False,False
own_knn,False,False,False,False,False,False,False,False,False,False,False,False,False,False,False,False
backbone_storage_[MB],498.347312,498.347312,498.347312,498.347312,498.347312,498.347312,498.347312,498.347312,498.347312,498.347312,498.347312,498.347312,498.347312,498.347312,498.347312,498.347312
backbone_mult_adds_[M],11396.041344,11396.041344,11396.041344,11396.041344,11396.041344,11396.041344,11396.041344,11396.041344,11396.041344,11396.041344,11396.041344,11396.041344,11396.041344,11396.041344,11396.041344,11396.041344
feature_extraction_[ms],0.0,0.0,0.0,0.0,0.0,0.0,0.0,0.0,0.0,0.0,0.0,0.0,0.0,0.0,0.0,0.0
embedding_of_features_[ms],0.0,0.0,0.0,0.0,0.0,0.0,0.0,0.0,0.0,0.0,0.0,0.0,0.0,0.0,0.0,0.0
calc_distances_[ms],0.0,0.0,0.0,0.0,0.0,0.0,0.0,0.0,0.0,0.0,0.0,0.0,0.0,0.0,0.0,0.0
calc_scores_[ms],0.0,0.0,0.0,0.0,0.0,0.0,0.0,0.0,0.0,0.0,0.0,0.0,0.0,0.0,0.0,0.0
total_time_[ms],0.0,0.0,0.0,0.0,0.0,0.0,0.0,0.0,0.0,0.0,0.0,0.0,0.0,0.0,0.0,0.0
img_auc_[%],0.7546934865900383,0.9562600321027287,0.9436507936507936,0.7886056971514243,0.6661348224970084,0.822890559732665,0.7437500000000001,0.9826766304347826,0.8890518084066471,0.6813966175668305,0.5865956138552983,0.8041125541125541,0.6277777777777778,0.7816666666666667,0.7973684210526316,0.8198529411764707
