,own,carpet,bottle,cable,capsule,grid,hazelnut
backbone,WRN50,WRN50,WRN50,WRN50,WRN50,WRN50,WRN50
pooling_strategy,first_trial,first_trial,first_trial,first_trial,first_trial,first_trial,first_trial
layers_needed,"[3, 4]","[3, 4]","[3, 4]","[3, 4]","[3, 4]","[3, 4]","[3, 4]"
layer_cut,True,True,True,True,True,True,True
exclude_relu,False,False,False,False,False,False,False
sigmoid_in_last_layer,True,True,True,True,True,True,True
prune_output_layer,False #0,False #0,False #0,False #0,False #0,False #0,False #0
adapted_score_calc,False,False,False,False,False,False,False
n_neighbors,20,20,20,20,20,20,20
n_next_patches,5,5,5,5,5,5,5
coreset_sampling_ratio,0.01,0.01,0.01,0.01,0.01,0.01,0.01
reduce_via_std,False,False,False,False,False,False,False
reduce_via_entropy,False,False,False,False,False,False,False
reduce_via_entropy_normed,True,True,True,True,True,True,True
reduce_factor,50,50,50,50,50,50,50
coreset_size,"(1017, 1536)","(630, 1536)","(470, 1536)","(504, 1536)","(492, 1536)","(594, 1536)","(879, 1536)"
normalize_output,False,False,False,False,False,False,False
faiss_standard,True,True,True,True,True,True,True
faiss_quantized,False,False,False,False,False,False,False
own_knn,False,False,False,False,False,False,False
backbone_storage_[MB],498.347312,498.347312,498.347312,498.347312,498.347312,498.347312,498.347312
backbone_mult_adds_[M],11396.041344,11396.041344,11396.041344,11396.041344,11396.041344,11396.041344,11396.041344
feature_extraction_[ms],58.90021713112034,0.0,0.0,0.0,0.0,0.0,0.0
embedding_of_features_[ms],2.8192595121062314,0.0,0.0,0.0,0.0,0.0,0.0
calc_distances_[ms],1.9908391330004906,0.0,0.0,0.0,0.0,0.0,0.0
calc_scores_[ms],0.2299130928712309,0.0,0.0,0.0,0.0,0.0,0.0
total_time_[ms],63.94387963776743,0.0,0.0,0.0,0.0,0.0,0.0
img_auc_[%],0.5004789272030651,0.5926966292134832,0.47619047619047616,0.5260494752623688,0.5686078978859195,0.6934001670843777,0.6619642857142857
