,own,carpet,bottle,cable,capsule,grid,hazelnut,leather,metal_nut,pill,screw,tile,toothbrush,transistor,wood,zipper
backbone,RN18,RN18,RN18,RN18,RN18,RN18,RN18,RN18,RN18,RN18,RN18,RN18,RN18,RN18,RN18,RN18
pooling_strategy,default,default,default,default,default,default,default,default,default,default,default,default,default,default,default,default
layers_needed,[2],[2],[2],[2],[2],[2],[2],[2],[2],[2],[2],[2],[2],[2],[2],[2]
layer_cut,True,True,True,True,True,True,True,True,True,True,True,True,True,True,True,True
exclude_relu,False,False,False,False,False,False,False,False,False,False,False,False,False,False,False,False
sigmoid_in_last_layer,False,False,False,False,False,False,False,False,False,False,False,False,False,False,False,False
prune_output_layer,False #0,False #0,False #0,False #0,False #0,False #0,False #0,False #0,False #0,False #0,False #0,False #0,False #0,False #0,False #0,False #0
adapted_score_calc,False,False,False,False,False,False,False,False,False,False,False,False,False,False,False,False
n_neighbors,9,9,9,9,9,9,9,9,9,9,9,9,9,9,9,9
n_next_patches,5,5,5,5,5,5,5,5,5,5,5,5,5,5,5,5
coreset_sampling_ratio,0.01,0.01,0.01,0.01,0.01,0.01,0.01,0.01,0.01,0.01,0.01,0.01,0.01,0.01,0.01,0.01
reduce_via_std,True,True,True,True,True,True,True,True,True,True,True,True,True,True,True,True
reduce_via_entropy,False,False,False,False,False,False,False,False,False,False,False,False,False,False,False,False
reduce_via_entropy_normed,False,False,False,False,False,False,False,False,False,False,False,False,False,False,False,False
reduce_factor,25,25,25,25,25,25,25,25,25,25,25,25,25,25,25,25
coreset_size,"(3543, 32)","(2195, 32)","(1638, 32)","(1756, 32)","(1716, 32)","(2069, 32)","(3065, 32)","(1920, 32)","(1724, 32)","(2093, 32)","(2508, 32)","(1803, 32)","(470, 32)","(1669, 32)","(1936, 32)","(1881, 32)"
normalize_output,False,False,False,False,False,False,False,False,False,False,False,False,False,False,False,False
faiss_standard,True,True,True,True,True,True,True,True,True,True,True,True,True,True,True,True
faiss_quantized,False,False,False,False,False,False,False,False,False,False,False,False,False,False,False,False
own_knn,False,False,False,False,False,False,False,False,False,False,False,False,False,False,False,False
backbone_storage_[MB],37.05272,37.05272,37.05272,37.05272,37.05272,37.05272,37.05272,37.05272,37.05272,37.05272,37.05272,37.05272,37.05272,37.05272,37.05272,37.05272
backbone_mult_adds_[M],991.47968,991.47968,991.47968,991.47968,991.47968,991.47968,991.47968,991.47968,991.47968,991.47968,991.47968,991.47968,991.47968,991.47968,991.47968,991.47968
feature_extraction_[ms],0.0,0.0,0.0,0.0,0.0,0.0,0.0,0.0,0.0,0.0,0.0,0.0,0.0,0.0,0.0,0.0
embedding_of_features_[ms],0.0,0.0,0.0,0.0,0.0,0.0,0.0,0.0,0.0,0.0,0.0,0.0,0.0,0.0,0.0,0.0
calc_distances_[ms],0.0,0.0,0.0,0.0,0.0,0.0,0.0,0.0,0.0,0.0,0.0,0.0,0.0,0.0,0.0,0.0
calc_scores_[ms],0.0,0.0,0.0,0.0,0.0,0.0,0.0,0.0,0.0,0.0,0.0,0.0,0.0,0.0,0.0,0.0
total_time_[ms],0.0,0.0,0.0,0.0,0.0,0.0,0.0,0.0,0.0,0.0,0.0,0.0,0.0,0.0,0.0,0.0
img_auc_[%],0.9550766283524904,0.9201444622792937,1.0,0.7209520239880061,0.9517351416035102,0.6315789473684211,0.9853571428571428,0.9989809782608696,0.9589442815249267,0.8772504091653027,0.7333469973355196,0.9422799422799423,0.8999999999999999,0.7962499999999999,0.9675438596491228,0.9128151260504201
