,own,carpet,bottle,cable,capsule,grid
backbone,RN18,RN18,RN18,RN18,RN18,RN18
pooling_strategy,default,default,default,default,default,default
layers_needed,[2],[2],[2],[2],[2],[2]
layer_cut,True,True,True,True,True,True
exclude_relu,False,False,False,False,False,False
sigmoid_in_last_layer,False,False,False,False,False,False
prune_output_layer,False #0,False #0,False #0,False #0,False #0,False #0
adapted_score_calc,False,False,False,False,False,False
n_neighbors,20,20,20,20,20,20
n_next_patches,5,5,5,5,5,5
coreset_sampling_ratio,0.01,0.01,0.01,0.01,0.01,0.01
reduce_via_std,True,True,True,True,True,True
reduce_via_entropy,False,False,False,False,False,False
reduce_via_entropy_normed,True,True,True,True,True,True
reduce_factor,25,25,25,25,25,25
coreset_size,"(3543, 8)","(2195, 8)","(1638, 8)","(1756, 8)","(1716, 8)","(2069, 8)"
normalize_output,False,False,False,False,False,False
faiss_standard,True,True,True,True,True,True
faiss_quantized,False,False,False,False,False,False
own_knn,False,False,False,False,False,False
backbone_storage_[MB],37.05272,37.05272,37.05272,37.05272,37.05272,37.05272
backbone_mult_adds_[M],991.47968,991.47968,991.47968,991.47968,991.47968,991.47968
feature_extraction_[ms],5.221280531930519,0.0,0.0,0.0,0.0,0.0
embedding_of_features_[ms],0.3421499129987755,0.0,0.0,0.0,0.0,0.0
calc_distances_[ms],1.3049487421973898,0.0,0.0,0.0,0.0,0.0
calc_scores_[ms],0.22953261533448438,0.0,0.0,0.0,0.0,0.0
total_time_[ms],7.100645709843326,0.0,0.0,0.0,0.0,0.0
img_auc_[%],0.6369731800766284,0.7086677367576244,0.8206349206349206,0.46851574212893554,0.3314718787395293,0.6432748538011697
