,own,carpet,bottle,cable,capsule,grid,hazelnut,leather,metal_nut,pill,screw,tile
backbone,WRN50,WRN50,WRN50,WRN50,WRN50,WRN50,WRN50,WRN50,WRN50,WRN50,WRN50,WRN50
pooling_strategy,first_trial,first_trial,first_trial,first_trial,first_trial,first_trial,first_trial,first_trial,first_trial,first_trial,first_trial,first_trial
layers_needed,"[2, 3, 4]","[2, 3, 4]","[2, 3, 4]","[2, 3, 4]","[2, 3, 4]","[2, 3, 4]","[2, 3, 4]","[2, 3, 4]","[2, 3, 4]","[2, 3, 4]","[2, 3, 4]","[2, 3, 4]"
layer_cut,True,True,True,True,True,True,True,True,True,True,True,True
exclude_relu,False,False,False,False,False,False,False,False,False,False,False,False
sigmoid_in_last_layer,True,True,True,True,True,True,True,True,True,True,True,True
prune_output_layer,False #0,False #0,False #0,False #0,False #0,False #0,False #0,False #0,False #0,False #0,False #0,False #0
adapted_score_calc,False,False,False,False,False,False,False,False,False,False,False,False
n_neighbors,20,20,20,20,20,20,20,20,20,20,20,20
n_next_patches,5,5,5,5,5,5,5,5,5,5,5,5
coreset_sampling_ratio,0.01,0.01,0.01,0.01,0.01,0.01,0.01,0.01,0.01,0.01,0.01,0.01
reduce_via_std,False,False,False,False,False,False,False,False,False,False,False,False
reduce_via_entropy,False,False,False,False,False,False,False,False,False,False,False,False
reduce_via_entropy_normed,True,True,True,True,True,True,True,True,True,True,True,True
reduce_factor,25,25,25,25,25,25,25,25,25,25,25,25
coreset_size,"(1017, 896)","(630, 896)","(470, 896)","(504, 896)","(492, 896)","(594, 896)","(879, 896)","(551, 896)","(495, 896)","(600, 896)","(720, 896)","(517, 896)"
normalize_output,False,False,False,False,False,False,False,False,False,False,False,False
faiss_standard,True,True,True,True,True,True,True,True,True,True,True,True
faiss_quantized,False,False,False,False,False,False,False,False,False,False,False,False
own_knn,False,False,False,False,False,False,False,False,False,False,False,False
backbone_storage_[MB],498.347312,498.347312,498.347312,498.347312,498.347312,498.347312,498.347312,498.347312,498.347312,498.347312,498.347312,498.347312
backbone_mult_adds_[M],11396.041344,11396.041344,11396.041344,11396.041344,11396.041344,11396.041344,11396.041344,11396.041344,11396.041344,11396.041344,11396.041344,11396.041344
feature_extraction_[ms],0.0,0.0,0.0,0.0,0.0,0.0,0.0,0.0,0.0,0.0,0.0,0.0
embedding_of_features_[ms],0.0,0.0,0.0,0.0,0.0,0.0,0.0,0.0,0.0,0.0,0.0,0.0
calc_distances_[ms],0.0,0.0,0.0,0.0,0.0,0.0,0.0,0.0,0.0,0.0,0.0,0.0
calc_scores_[ms],0.0,0.0,0.0,0.0,0.0,0.0,0.0,0.0,0.0,0.0,0.0,0.0
total_time_[ms],0.0,0.0,0.0,0.0,0.0,0.0,0.0,0.0,0.0,0.0,0.0,0.0
img_auc_[%],0.6400383141762452,0.9606741573033708,0.7603174603174603,0.5046851574212893,0.4212205823693658,0.6449456975772765,0.5428571428571429,0.7299592391304348,0.5161290322580645,0.5092744135297327,0.4285714285714285,0.6172438672438672
