,own,carpet,bottle,cable,capsule,grid,hazelnut,leather,metal_nut,pill,screw,tile,toothbrush,transistor,wood,zipper
backbone,RN18,RN18,RN18,RN18,RN18,RN18,RN18,RN18,RN18,RN18,RN18,RN18,RN18,RN18,RN18,RN18
pooling_strategy,default,default,default,default,default,default,default,default,default,default,default,default,default,default,default,default
layers_needed,"[2, 3]","[2, 3]","[2, 3]","[2, 3]","[2, 3]","[2, 3]","[2, 3]","[2, 3]","[2, 3]","[2, 3]","[2, 3]","[2, 3]","[2, 3]","[2, 3]","[2, 3]","[2, 3]"
layer_cut,True,True,True,True,True,True,True,True,True,True,True,True,True,True,True,True
exclude_relu,False,False,False,False,False,False,False,False,False,False,False,False,False,False,False,False
sigmoid_in_last_layer,True,True,True,True,True,True,True,True,True,True,True,True,True,True,True,True
prune_output_layer,False #0,False #0,False #0,False #0,False #0,False #0,False #0,False #0,False #0,False #0,False #0,False #0,False #0,False #0,False #0,False #0
adapted_score_calc,False,False,False,False,False,False,False,False,False,False,False,False,False,False,False,False
n_neighbors,9,9,9,9,9,9,9,9,9,9,9,9,9,9,9,9
n_next_patches,5,5,5,5,5,5,5,5,5,5,5,5,5,5,5,5
coreset_sampling_ratio,0.01,0.01,0.01,0.01,0.01,0.01,0.01,0.01,0.01,0.01,0.01,0.01,0.01,0.01,0.01,0.01
reduce_via_std,True,True,True,True,True,True,True,True,True,True,True,True,True,True,True,True
reduce_via_entropy,False,False,False,False,False,False,False,False,False,False,False,False,False,False,False,False
reduce_via_entropy_normed,False,False,False,False,False,False,False,False,False,False,False,False,False,False,False,False
reduce_factor,30,30,30,30,30,30,30,30,30,30,30,30,30,30,30,30
coreset_size,"(3543, 115)","(2195, 115)","(1638, 115)","(1756, 115)","(1716, 115)","(2069, 115)","(3065, 115)","(1920, 115)","(1724, 115)","(2093, 115)","(2508, 115)","(1803, 115)","(470, 115)","(1669, 115)","(1936, 115)","(1881, 115)"
normalize_output,False,False,False,False,False,False,False,False,False,False,False,False,False,False,False,False
faiss_standard,True,True,True,True,True,True,True,True,True,True,True,True,True,True,True,True
faiss_quantized,False,False,False,False,False,False,False,False,False,False,False,False,False,False,False,False
own_knn,False,False,False,False,False,False,False,False,False,False,False,False,False,False,False,False
backbone_storage_[MB],49.465648,49.465648,49.465648,49.465648,49.465648,49.465648,49.465648,49.465648,49.465648,49.465648,49.465648,49.465648,49.465648,49.465648,49.465648,49.465648
backbone_mult_adds_[M],1402.524032,1402.524032,1402.524032,1402.524032,1402.524032,1402.524032,1402.524032,1402.524032,1402.524032,1402.524032,1402.524032,1402.524032,1402.524032,1402.524032,1402.524032,1402.524032
feature_extraction_[ms],0.0,0.0,0.0,0.0,0.0,0.0,0.0,0.0,0.0,0.0,0.0,0.0,0.0,0.0,0.0,0.0
embedding_of_features_[ms],0.0,0.0,0.0,0.0,0.0,0.0,0.0,0.0,0.0,0.0,0.0,0.0,0.0,0.0,0.0,0.0
calc_distances_[ms],0.0,0.0,0.0,0.0,0.0,0.0,0.0,0.0,0.0,0.0,0.0,0.0,0.0,0.0,0.0,0.0
calc_scores_[ms],0.0,0.0,0.0,0.0,0.0,0.0,0.0,0.0,0.0,0.0,0.0,0.0,0.0,0.0,0.0,0.0
total_time_[ms],0.0,0.0,0.0,0.0,0.0,0.0,0.0,0.0,0.0,0.0,0.0,0.0,0.0,0.0,0.0,0.0
img_auc_[%],0.9494252873563218,0.9807383627608346,1.0,0.9574587706146926,0.9393697646589549,0.647451963241437,1.0,1.0,0.9672531769305962,0.8887070376432078,0.8706702193072351,0.9974747474747474,0.9361111111111111,0.9029166666666666,0.987719298245614,0.9351365546218487
