,own,carpet,bottle,cable,capsule,grid,hazelnut,leather,metal_nut,pill,screw,tile,toothbrush,transistor,wood,zipper
backbone,RN18,RN18,RN18,RN18,RN18,RN18,RN18,RN18,RN18,RN18,RN18,RN18,RN18,RN18,RN18,RN18
pooling_strategy,default,default,default,default,default,default,default,default,default,default,default,default,default,default,default,default
layers_needed,[1],[1],[1],[1],[1],[1],[1],[1],[1],[1],[1],[1],[1],[1],[1],[1]
layer_cut,True,True,True,True,True,True,True,True,True,True,True,True,True,True,True,True
exclude_relu,False,False,False,False,False,False,False,False,False,False,False,False,False,False,False,False
sigmoid_in_last_layer,False,False,False,False,False,False,False,False,False,False,False,False,False,False,False,False
prune_output_layer,False #0,False #0,False #0,False #0,False #0,False #0,False #0,False #0,False #0,False #0,False #0,False #0,False #0,False #0,False #0,False #0
adapted_score_calc,False,False,False,False,False,False,False,False,False,False,False,False,False,False,False,False
n_neighbors,20,20,20,20,20,20,20,20,20,20,20,20,20,20,20,20
n_next_patches,5,5,5,5,5,5,5,5,5,5,5,5,5,5,5,5
coreset_sampling_ratio,0.01,0.01,0.01,0.01,0.01,0.01,0.01,0.01,0.01,0.01,0.01,0.01,0.01,0.01,0.01,0.01
reduce_via_std,False,False,False,False,False,False,False,False,False,False,False,False,False,False,False,False
reduce_via_entropy,False,False,False,False,False,False,False,False,False,False,False,False,False,False,False,False
reduce_via_entropy_normed,True,True,True,True,True,True,True,True,True,True,True,True,True,True,True,True
reduce_factor,50,50,50,50,50,50,50,50,50,50,50,50,50,50,50,50
coreset_size,"(14174, 32)","(8780, 32)","(6554, 32)","(7024, 32)","(6867, 32)","(8279, 32)","(12261, 32)","(7683, 32)","(6899, 32)","(8373, 32)","(10035, 32)","(7212, 32)","(1881, 32)","(6679, 32)","(7745, 32)","(7526, 32)"
normalize_output,False,False,False,False,False,False,False,False,False,False,False,False,False,False,False,False
faiss_standard,True,True,True,True,True,True,True,True,True,True,True,True,True,True,True,True
faiss_quantized,False,False,False,False,False,False,False,False,False,False,False,False,False,False,False,False
own_knn,False,False,False,False,False,False,False,False,False,False,False,False,False,False,False,False
backbone_storage_[MB],26.922288,26.922288,26.922288,26.922288,26.922288,26.922288,26.922288,26.922288,26.922288,26.922288,26.922288,26.922288,26.922288,26.922288,26.922288,26.922288
backbone_mult_adds_[M],580.436608,580.436608,580.436608,580.436608,580.436608,580.436608,580.436608,580.436608,580.436608,580.436608,580.436608,580.436608,580.436608,580.436608,580.436608,580.436608
feature_extraction_[ms],3.0576940746251,0.0,0.0,0.0,0.0,0.0,0.0,0.0,0.0,0.0,0.0,0.0,0.0,0.0,0.0,0.0
embedding_of_features_[ms],0.5350739711775951,0.0,0.0,0.0,0.0,0.0,0.0,0.0,0.0,0.0,0.0,0.0,0.0,0.0,0.0,0.0
calc_distances_[ms],12.40236534467069,0.0,0.0,0.0,0.0,0.0,0.0,0.0,0.0,0.0,0.0,0.0,0.0,0.0,0.0,0.0
calc_scores_[ms],0.3813958086069643,0.0,0.0,0.0,0.0,0.0,0.0,0.0,0.0,0.0,0.0,0.0,0.0,0.0,0.0,0.0
total_time_[ms],16.37937025077188,0.0,0.0,0.0,0.0,0.0,0.0,0.0,0.0,0.0,0.0,0.0,0.0,0.0,0.0,0.0
img_auc_[%],0.9110153256704979,0.8631621187800962,0.9817460317460317,0.5740254872563719,0.9812524930195453,0.9958228905597327,0.9835714285714287,0.9544836956521738,0.8621700879765396,0.9056192034915439,0.9264193482270957,0.9736652236652237,0.9194444444444444,0.7966666666666666,0.9912280701754387,0.9406512605042017
