,own,carpet,bottle,cable,capsule,grid,hazelnut,leather,metal_nut,pill,screw,tile,toothbrush,transistor,wood,zipper
backbone,RN18,RN18,RN18,RN18,RN18,RN18,RN18,RN18,RN18,RN18,RN18,RN18,RN18,RN18,RN18,RN18
pooling_strategy,first_trial,first_trial,first_trial,first_trial,first_trial,first_trial,first_trial,first_trial,first_trial,first_trial,first_trial,first_trial,first_trial,first_trial,first_trial,first_trial
layers_needed,"[1, 3]","[1, 3]","[1, 3]","[1, 3]","[1, 3]","[1, 3]","[1, 3]","[1, 3]","[1, 3]","[1, 3]","[1, 3]","[1, 3]","[1, 3]","[1, 3]","[1, 3]","[1, 3]"
layer_cut,True,True,True,True,True,True,True,True,True,True,True,True,True,True,True,True
exclude_relu,False,False,False,False,False,False,False,False,False,False,False,False,False,False,False,False
sigmoid_in_last_layer,True,True,True,True,True,True,True,True,True,True,True,True,True,True,True,True
prune_output_layer,False #0,False #0,False #0,False #0,False #0,False #0,False #0,False #0,False #0,False #0,False #0,False #0,False #0,False #0,False #0,False #0
adapted_score_calc,False,False,False,False,False,False,False,False,False,False,False,False,False,False,False,False
n_neighbors,20,20,20,20,20,20,20,20,20,20,20,20,20,20,20,20
n_next_patches,5,5,5,5,5,5,5,5,5,5,5,5,5,5,5,5
coreset_sampling_ratio,0.01,0.01,0.01,0.01,0.01,0.01,0.01,0.01,0.01,0.01,0.01,0.01,0.01,0.01,0.01,0.01
reduce_via_std,False,False,False,False,False,False,False,False,False,False,False,False,False,False,False,False
reduce_via_entropy,False,False,False,False,False,False,False,False,False,False,False,False,False,False,False,False
reduce_via_entropy_normed,True,True,True,True,True,True,True,True,True,True,True,True,True,True,True,True
reduce_factor,100,100,100,100,100,100,100,100,100,100,100,100,100,100,100,100
coreset_size,"(1017, 319)","(630, 315)","(470, 319)","(504, 319)","(492, 319)","(594, 319)","(879, 319)","(551, 317)","(495, 319)","(600, 319)","(720, 319)","(517, 319)","(135, 319)","(479, 319)","(555, 319)","(540, 319)"
normalize_output,False,False,False,False,False,False,False,False,False,False,False,False,False,False,False,False
faiss_standard,True,True,True,True,True,True,True,True,True,True,True,True,True,True,True,True
faiss_quantized,False,False,False,False,False,False,False,False,False,False,False,False,False,False,False,False
own_knn,False,False,False,False,False,False,False,False,False,False,False,False,False,False,False,False
backbone_storage_[MB],49.465648,49.465648,49.465648,49.465648,49.465648,49.465648,49.465648,49.465648,49.465648,49.465648,49.465648,49.465648,49.465648,49.465648,49.465648,49.465648
backbone_mult_adds_[M],1402.524032,1402.524032,1402.524032,1402.524032,1402.524032,1402.524032,1402.524032,1402.524032,1402.524032,1402.524032,1402.524032,1402.524032,1402.524032,1402.524032,1402.524032,1402.524032
feature_extraction_[ms],6.426267549602775,0.0,0.0,0.0,0.0,0.0,0.0,0.0,0.0,0.0,0.0,0.0,0.0,0.0,0.0,0.0
embedding_of_features_[ms],0.5074928089153357,0.0,0.0,0.0,0.0,0.0,0.0,0.0,0.0,0.0,0.0,0.0,0.0,0.0,0.0,0.0
calc_distances_[ms],0.5263856896625785,0.0,0.0,0.0,0.0,0.0,0.0,0.0,0.0,0.0,0.0,0.0,0.0,0.0,0.0,0.0
calc_scores_[ms],0.17640003436652746,0.0,0.0,0.0,0.0,0.0,0.0,0.0,0.0,0.0,0.0,0.0,0.0,0.0,0.0,0.0
total_time_[ms],7.639251135623357,0.0,0.0,0.0,0.0,0.0,0.0,0.0,0.0,0.0,0.0,0.0,0.0,0.0,0.0,0.0
img_auc_[%],0.9447318007662835,0.9269662921348314,0.9555555555555555,0.9612068965517242,0.9122457120063822,0.7059314954051796,1.0,0.9979619565217391,0.9775171065493646,0.8797054009819968,0.678622668579627,0.9992784992784993,0.7944444444444444,0.9891666666666666,0.993859649122807,0.9577205882352942
