,own,carpet,bottle,cable,capsule,grid,hazelnut,leather,metal_nut,pill,screw,tile,toothbrush,transistor,wood,zipper
backbone,RN18,RN18,RN18,RN18,RN18,RN18,RN18,RN18,RN18,RN18,RN18,RN18,RN18,RN18,RN18,RN18
pooling_strategy,first_trial,first_trial,first_trial,first_trial,first_trial,first_trial,first_trial,first_trial,first_trial,first_trial,first_trial,first_trial,first_trial,first_trial,first_trial,first_trial
layers_needed,"[1, 2]","[1, 2]","[1, 2]","[1, 2]","[1, 2]","[1, 2]","[1, 2]","[1, 2]","[1, 2]","[1, 2]","[1, 2]","[1, 2]","[1, 2]","[1, 2]","[1, 2]","[1, 2]"
layer_cut,True,True,True,True,True,True,True,True,True,True,True,True,True,True,True,True
exclude_relu,False,False,False,False,False,False,False,False,False,False,False,False,False,False,False,False
sigmoid_in_last_layer,True,True,True,True,True,True,True,True,True,True,True,True,True,True,True,True
prune_output_layer,False #0,False #0,False #0,False #0,False #0,False #0,False #0,False #0,False #0,False #0,False #0,False #0,False #0,False #0,False #0,False #0
adapted_score_calc,False,False,False,False,False,False,False,False,False,False,False,False,False,False,False,False
n_neighbors,20,20,20,20,20,20,20,20,20,20,20,20,20,20,20,20
n_next_patches,5,5,5,5,5,5,5,5,5,5,5,5,5,5,5,5
coreset_sampling_ratio,0.01,0.01,0.01,0.01,0.01,0.01,0.01,0.01,0.01,0.01,0.01,0.01,0.01,0.01,0.01,0.01
reduce_via_std,False,False,False,False,False,False,False,False,False,False,False,False,False,False,False,False
reduce_via_entropy,True,True,True,True,True,True,True,True,True,True,True,True,True,True,True,True
reduce_via_entropy_normed,True,True,True,True,True,True,True,True,True,True,True,True,True,True,True,True
reduce_factor,100,100,100,100,100,100,100,100,100,100,100,100,100,100,100,100
coreset_size,"(1017, 191)","(630, 191)","(470, 191)","(504, 191)","(492, 191)","(594, 191)","(879, 191)","(551, 191)","(495, 191)","(600, 191)","(720, 191)","(517, 191)","(135, 191)","(479, 191)","(555, 191)","(540, 191)"
normalize_output,False,False,False,False,False,False,False,False,False,False,False,False,False,False,False,False
faiss_standard,True,True,True,True,True,True,True,True,True,True,True,True,True,True,True,True
faiss_quantized,False,False,False,False,False,False,False,False,False,False,False,False,False,False,False,False
own_knn,False,False,False,False,False,False,False,False,False,False,False,False,False,False,False,False
backbone_storage_[MB],37.05272,37.05272,37.05272,37.05272,37.05272,37.05272,37.05272,37.05272,37.05272,37.05272,37.05272,37.05272,37.05272,37.05272,37.05272,37.05272
backbone_mult_adds_[M],991.47968,991.47968,991.47968,991.47968,991.47968,991.47968,991.47968,991.47968,991.47968,991.47968,991.47968,991.47968,991.47968,991.47968,991.47968,991.47968
feature_extraction_[ms],0.0,0.0,0.0,0.0,0.0,0.0,0.0,0.0,0.0,0.0,0.0,0.0,0.0,0.0,0.0,0.0
embedding_of_features_[ms],0.0,0.0,0.0,0.0,0.0,0.0,0.0,0.0,0.0,0.0,0.0,0.0,0.0,0.0,0.0,0.0
calc_distances_[ms],0.0,0.0,0.0,0.0,0.0,0.0,0.0,0.0,0.0,0.0,0.0,0.0,0.0,0.0,0.0,0.0
calc_scores_[ms],0.0,0.0,0.0,0.0,0.0,0.0,0.0,0.0,0.0,0.0,0.0,0.0,0.0,0.0,0.0,0.0
total_time_[ms],0.0,0.0,0.0,0.0,0.0,0.0,0.0,0.0,0.0,0.0,0.0,0.0,0.0,0.0,0.0,0.0
img_auc_[%],0.9330459770114943,0.913322632423756,1.0,0.8986131934032984,0.7854008775428799,0.8538011695906433,0.9996428571428572,0.985733695652174,0.8856304985337243,0.9091653027823239,0.6421397827423653,0.9971139971139972,0.8638888888888889,0.9104166666666668,0.9956140350877192,0.9627100840336135
