,own,carpet,bottle,cable,capsule,grid,hazelnut,leather,metal_nut,pill,screw,tile,toothbrush,transistor,wood,zipper,own.1,carpet.1,bottle.1,cable.1,capsule.1,grid.1,hazelnut.1,leather.1,metal_nut.1,pill.1,screw.1,tile.1,toothbrush.1,transistor.1,wood.1,zipper
backbone,WRN50,WRN50,WRN50,WRN50,WRN50,WRN50,WRN50,WRN50,WRN50,WRN50,WRN50,WRN50,WRN50,WRN50,WRN50,WRN50,WRN50,WRN50,WRN50,WRN50,WRN50,WRN50,WRN50,WRN50,WRN50,WRN50,WRN50,WRN50,WRN50,WRN50,WRN50,WRN50
pooling_strategy,default,default,default,default,default,default,default,default,default,default,default,default,default,default,default,default,default,default,default,default,default,default,default,default,default,default,default,default,default,default,default,default
layers_needed,"[2, 3]","[2, 3]","[2, 3]","[2, 3]","[2, 3]","[2, 3]","[2, 3]","[2, 3]","[2, 3]","[2, 3]","[2, 3]","[2, 3]","[2, 3]","[2, 3]","[2, 3]","[2, 3]","[2, 3]","[2, 3]","[2, 3]","[2, 3]","[2, 3]","[2, 3]","[2, 3]","[2, 3]","[2, 3]","[2, 3]","[2, 3]","[2, 3]","[2, 3]","[2, 3]","[2, 3]","[2, 3]"
layer_cut,True,True,True,True,True,True,True,True,True,True,True,True,True,True,True,True,True,True,True,True,True,True,True,True,True,True,True,True,True,True,True,True
prune_output_layer,False #0,False #0,False #0,False #0,False #0,False #0,False #0,False #0,False #0,False #0,False #0,False #0,False #0,False #0,False #0,False #0,False #0,False #0,False #0,False #0,False #0,False #0,False #0,False #0,False #0,False #0,False #0,False #0,False #0,False #0,False #0,False #0
adapted_score_calc,False,False,False,False,False,False,False,False,False,False,False,False,False,False,False,False,False,False,False,False,False,False,False,False,False,False,False,False,False,False,False,False
n_neighbors,20,20,20,20,20,20,20,20,20,20,20,20,20,20,20,20,20,20,20,20,20,20,20,20,20,20,20,20,20,20,20,20
n_next_patches,5,5,5,5,5,5,5,5,5,5,5,5,5,5,5,5,5,5,5,5,5,5,5,5,5,5,5,5,5,5,5,5
coreset_sampling_ratio,0.001,0.001,0.001,0.001,0.001,0.001,0.001,0.001,0.001,0.001,0.001,0.001,0.001,0.001,0.001,0.001,0.001,0.001,0.001,0.001,0.001,0.001,0.001,0.001,0.001,0.001,0.001,0.001,0.001,0.001,0.001,0.001
reduce_via_std,False,False,False,False,False,False,False,False,False,False,False,False,False,False,False,False,False,False,False,False,False,False,False,False,False,False,False,False,False,False,False,False
reduce_via_entropy,False,False,False,False,False,False,False,False,False,False,False,False,False,False,False,False,False,False,False,False,False,False,False,False,False,False,False,False,False,False,False,False
reduce_via_entropy_normed,False,False,False,False,False,False,False,False,False,False,False,False,False,False,False,False,False,False,False,False,False,False,False,False,False,False,False,False,False,False,False,False
reduce_factor,50,50,50,50,50,50,50,50,50,50,50,50,50,50,50,50,50,50,50,50,50,50,50,50,50,50,50,50,50,50,50,50
coreset_size,"(354, 1536)","(219, 1536)","(163, 1536)","(175, 1536)","(171, 1536)","(206, 1536)","(306, 1536)","(192, 1536)","(172, 1536)","(209, 1536)","(250, 1536)","(180, 1536)","(47, 1536)","(166, 1536)","(193, 1536)","(188, 1536)","(354, 1536)","(219, 1536)","(163, 1536)","(175, 1536)","(171, 1536)","(206, 1536)","(306, 1536)","(192, 1536)","(172, 1536)","(209, 1536)","(250, 1536)","(180, 1536)","(47, 1536)","(166, 1536)","(193, 1536)","(188, 1536)"
normalize_output,False,False,False,False,False,False,False,False,False,False,False,False,False,False,False,False,False,False,False,False,False,False,False,False,False,False,False,False,False,False,False,False
faiss_standard,False,False,False,False,False,False,False,False,False,False,False,False,False,False,False,False,False,False,False,False,False,False,False,False,False,False,False,False,False,False,False,False
faiss_quantized,False,False,False,False,False,False,False,False,False,False,False,False,False,False,False,False,False,False,False,False,False,False,False,False,False,False,False,False,False,False,False,False
own_knn,True,True,True,True,True,True,True,True,True,True,True,True,True,True,True,True,True,True,True,True,True,True,True,True,True,True,True,True,True,True,True,True
backbone_storage_[MB],316.812592,316.812592,316.812592,316.812592,316.812592,316.812592,316.812592,316.812592,316.812592,316.812592,316.812592,316.812592,316.812592,316.812592,316.812592,316.812592,316.812592,316.812592,316.812592,316.812592,316.812592,316.812592,316.812592,316.812592,316.812592,316.812592,316.812592,316.812592,316.812592,316.812592,316.812592,316.812592
backbone_mult_adds_[M],9186.66304,9186.66304,9186.66304,9186.66304,9186.66304,9186.66304,9186.66304,9186.66304,9186.66304,9186.66304,9186.66304,9186.66304,9186.66304,9186.66304,9186.66304,9186.66304,9186.66304,9186.66304,9186.66304,9186.66304,9186.66304,9186.66304,9186.66304,9186.66304,9186.66304,9186.66304,9186.66304,9186.66304,9186.66304,9186.66304,9186.66304,9186.66304
feature_extraction_[ms],0.0,0.0,0.0,0.0,0.0,0.0,0.0,0.0,0.0,0.0,0.0,0.0,0.0,0.0,0.0,0.0,0.0,0.0,0.0,0.0,0.0,0.0,0.0,0.0,0.0,0.0,0.0,0.0,0.0,0.0,0.0,0.0
embedding_of_features_[ms],0.0,0.0,0.0,0.0,0.0,0.0,0.0,0.0,0.0,0.0,0.0,0.0,0.0,0.0,0.0,0.0,0.0,0.0,0.0,0.0,0.0,0.0,0.0,0.0,0.0,0.0,0.0,0.0,0.0,0.0,0.0,0.0
calc_distances_[ms],0.0,0.0,0.0,0.0,0.0,0.0,0.0,0.0,0.0,0.0,0.0,0.0,0.0,0.0,0.0,0.0,0.0,0.0,0.0,0.0,0.0,0.0,0.0,0.0,0.0,0.0,0.0,0.0,0.0,0.0,0.0,0.0
calc_scores_[ms],0.0,0.0,0.0,0.0,0.0,0.0,0.0,0.0,0.0,0.0,0.0,0.0,0.0,0.0,0.0,0.0,0.0,0.0,0.0,0.0,0.0,0.0,0.0,0.0,0.0,0.0,0.0,0.0,0.0,0.0,0.0,0.0
total_time_[ms],0.0,0.0,0.0,0.0,0.0,0.0,0.0,0.0,0.0,0.0,0.0,0.0,0.0,0.0,0.0,0.0,0.0,0.0,0.0,0.0,0.0,0.0,0.0,0.0,0.0,0.0,0.0,0.0,0.0,0.0,0.0,0.0
img_auc_[%],0.9078544061302682,0.9670947030497592,0.9992063492063492,0.9490254872563718,0.6876745113681692,0.9732664995822891,1.0,1.0,0.9721407624633431,0.9296235679214403,0.6140602582496413,1.0,0.7999999999999999,0.9716666666666667,0.9859649122807017,0.9671743697478992,0.885823754789272,0.9887640449438201,1.0,0.7679910044977512,0.8707618667730356,0.9598997493734336,1.0,1.0,0.9711632453567938,0.9069830878341516,0.5216232834597254,1.0,0.7972222222222223,0.9404166666666668,0.9912280701754386,0.9766281512605042
