,own,carpet,bottle,cable,capsule,grid,hazelnut,leather,metal_nut,pill,screw,tile,toothbrush,transistor,wood,zipper
backbone,RN18,RN18,RN18,RN18,RN18,RN18,RN18,RN18,RN18,RN18,RN18,RN18,RN18,RN18,RN18,RN18
pooling_strategy,first_trial,first_trial,first_trial,first_trial,first_trial,first_trial,first_trial,first_trial,first_trial,first_trial,first_trial,first_trial,first_trial,first_trial,first_trial,first_trial
layers_needed,"[1, 2]","[1, 2]","[1, 2]","[1, 2]","[1, 2]","[1, 2]","[1, 2]","[1, 2]","[1, 2]","[1, 2]","[1, 2]","[1, 2]","[1, 2]","[1, 2]","[1, 2]","[1, 2]"
layer_cut,True,True,True,True,True,True,True,True,True,True,True,True,True,True,True,True
exclude_relu,False,False,False,False,False,False,False,False,False,False,False,False,False,False,False,False
sigmoid_in_last_layer,True,True,True,True,True,True,True,True,True,True,True,True,True,True,True,True
prune_output_layer,False #0,False #0,False #0,False #0,False #0,False #0,False #0,False #0,False #0,False #0,False #0,False #0,False #0,False #0,False #0,False #0
adapted_score_calc,False,False,False,False,False,False,False,False,False,False,False,False,False,False,False,False
n_neighbors,20,20,20,20,20,20,20,20,20,20,20,20,20,20,20,20
n_next_patches,5,5,5,5,5,5,5,5,5,5,5,5,5,5,5,5
coreset_sampling_ratio,0.01,0.01,0.01,0.01,0.01,0.01,0.01,0.01,0.01,0.01,0.01,0.01,0.01,0.01,0.01,0.01
reduce_via_std,False,False,False,False,False,False,False,False,False,False,False,False,False,False,False,False
reduce_via_entropy,True,True,True,True,True,True,True,True,True,True,True,True,True,True,True,True
reduce_via_entropy_normed,True,True,True,True,True,True,True,True,True,True,True,True,True,True,True,True
reduce_factor,50,50,50,50,50,50,50,50,50,50,50,50,50,50,50,50
coreset_size,"(1017, 96)","(630, 96)","(470, 96)","(504, 96)","(492, 96)","(594, 96)","(879, 96)","(551, 96)","(495, 96)","(600, 96)","(720, 96)","(517, 96)","(135, 96)","(479, 96)","(555, 96)","(540, 96)"
normalize_output,False,False,False,False,False,False,False,False,False,False,False,False,False,False,False,False
faiss_standard,True,True,True,True,True,True,True,True,True,True,True,True,True,True,True,True
faiss_quantized,False,False,False,False,False,False,False,False,False,False,False,False,False,False,False,False
own_knn,False,False,False,False,False,False,False,False,False,False,False,False,False,False,False,False
backbone_storage_[MB],37.05272,37.05272,37.05272,37.05272,37.05272,37.05272,37.05272,37.05272,37.05272,37.05272,37.05272,37.05272,37.05272,37.05272,37.05272,37.05272
backbone_mult_adds_[M],991.47968,991.47968,991.47968,991.47968,991.47968,991.47968,991.47968,991.47968,991.47968,991.47968,991.47968,991.47968,991.47968,991.47968,991.47968,991.47968
feature_extraction_[ms],0.0,0.0,0.0,0.0,0.0,0.0,0.0,0.0,0.0,0.0,0.0,0.0,0.0,0.0,0.0,0.0
embedding_of_features_[ms],0.0,0.0,0.0,0.0,0.0,0.0,0.0,0.0,0.0,0.0,0.0,0.0,0.0,0.0,0.0,0.0
calc_distances_[ms],0.0,0.0,0.0,0.0,0.0,0.0,0.0,0.0,0.0,0.0,0.0,0.0,0.0,0.0,0.0,0.0
calc_scores_[ms],0.0,0.0,0.0,0.0,0.0,0.0,0.0,0.0,0.0,0.0,0.0,0.0,0.0,0.0,0.0,0.0
total_time_[ms],0.0,0.0,0.0,0.0,0.0,0.0,0.0,0.0,0.0,0.0,0.0,0.0,0.0,0.0,0.0,0.0
img_auc_[%],0.8612068965517242,0.8619582664526485,1.0,0.8249625187406295,0.8807339449541285,0.7502088554720133,0.45,0.9806385869565217,0.9433040078201368,0.8925259138025096,0.7599918015986882,0.9790764790764791,0.6944444444444444,0.8408333333333333,0.9815789473684211,0.9448529411764706
